titulo,parrafo
7 World Trade Center,"['\n\n\n', ' (', ', ', ', or ', ') refers to two buildings that have existed at the same location within the ', ' in ', ', ', '. The original structure, part of the ', ', was completed in 1987 and was destroyed in the ', ' in 2001. The current structure opened in May 2006. Both buildings were developed by ', ', who holds a ', ' for the site from the ']"
Guilden Morden boar,"['\n\n\n', 'The ', ' is a sixth- or seventh-century ', ' copper alloy figure of a ', ' that may have once served as the crest of a helmet. It was found around 1864 or 1865 in a grave in ', ', a village in the eastern English county of ', '. There the boar attended a skeleton with other objects, including a small earthenware bead with an incised pattern,', ' although the boar is all that now remains.', ' ', ', whose father originally discovered the boar, donated it to the ', ' in 1904; as of 2018 it was on view in ', '\n', 'The boar is simply designed, distinguished primarily by a prominent mane; eyes, eyebrows, nostrils and tusks are only faintly present.', ' A pin and socket design formed by the front and hind legs suggests that the boar was mounted on another object, such as a helmet.', ' Such is the case on one of the contemporary ', ' found in Sweden, where boar-crested helmets are depicted similarly.', '\n', ' are a staple of Anglo-Saxon imagery, evidence of a ', ' in which the boar invoked the protection of deities.', ' The Guilden Morden boar is one of three—together with the helmets from ', ' and ']"
Greece runestones,"['\n', 'The ', ' (', ': ', ') are about 30 ', ' containing information related to voyages made by ', ' to the ', '. They were made during the ', ' until about 1100 and were engraved in the ', ' language with ', '. All the stones have been found in modern-day ', ', the majority in ', ' (18 runestones) and ', ' (7 runestones). Most were inscribed in memory of members of the ', ' who never returned home, but a few inscriptions mention men who returned with wealth, and a ', ' was engraved on the orders of a former officer of the Guard.\n', 'On these runestones the word ', ' (""', '"") appears in three inscriptions,', ' the word ', ' (""']"
Holkham Hall,"['\n\n', ' (', ' or ', ') is an 18th-century ', ' near the village of ', ', ', ', England, constructed in the ', ' style for the ', ',', ' by the architect ', ', aided by  ']"
Heian Palace,"['The ', ' was the original imperial palace of ', ' (present-day ', '), the capital of ', ', from 794 to 1227. The palace, which served as the imperial residence and the administrative centre of for most of the ', ' (from 794 to 1185), was located at the north-central location of the city in accordance with the ', ' models used for the design of the capital.\n', 'The palace consisted of a large rectangular walled enclosure (the ', '), which contained several ceremonial and administrative buildings including the government ministries. Inside this enclosure was the separately walled ', ' of the ', ' or the ', ' (', ""). In addition to the emperor's living quarters, the Inner Palace contained the residences of the imperial consorts, as well as certain official and ceremonial buildings more closely linked to the person of the emperor.\n"", 'The original role of the palace was to manifest the centralised government model adopted by Japan from China in the 7th century — the ', "" and its subsidiary Eight Ministries. The palace was designed to provide an appropriate setting for the emperor's residence, the conduct of great affairs of state, and the accompanying ceremonies. While the residential function of the palace continued until the 12th century, the facilities built for grand state ceremonies began to fall into disuse by the 9th century. This was due to both the abandonment of several statutory ceremonies and procedures and the transfer of several remaining ceremonies into the smaller-scale setting of the Inner Palace.\n"", 'From the mid-Heian period, the palace suffered several fires and other disasters. During reconstructions, emperors and some of the office functions resided outside the palace. This, along with the general loss of political power of the court, acted to further diminish the importance of the palace as the administrative centre. Finally in 1227 the palace burned down and was never rebuilt. The site was built over so that almost no trace of it remains. Knowledge of the palace is thus based on contemporary literary sources, surviving diagrams and paintings, and limited excavations conducted mainly since the late 1970s.\n', 'The palace was located at the northern centre of the rectangular ', ', following the Chinese model (specifically that of the ', ' capital of ', ') adopted already for the ', ' in the earlier capital ']"
Harry F. Sinclair House,"['\n\n', 'The ', ' is a mansion at the southeast corner of ', ' and ', ' on the ', ' of ', ' in ', '. The house was built between 1897 and 1899. Over the first half of the 20th century, the house was successively the residence of businessmen ', ' and ', ', and then the descendants of ', ', the last ', '. The Ukrainian Institute of America acquired the home in 1955. After the house gradually fell into disrepair, the institute renovated the building in the 1990s. The house was added to the ', ' (NRHP) and was named a ', ' in 1978.\n', 'The mansion was designed in an eclectic ', ' by ', ' and built by ', ' Harvey Murdock. The building largely retains its original design, except for a ', ' on the roof. Gilbert and Murdock constructed the bulk of the house with brick, which was then faced with limestone ', '. The northern ', ' on 79th Street, containing the main entrance, is characterized by multiple windows in square recesses or semi-elliptical and fully ']"
"Hebron Church (Intermont, West Virginia)","['\n\n', ' (also historically known as ', ', ', ', and ', ') is a mid-19th-century ', ' church in ', ', ', ', in the U.S. state of ', '. Hebron Church was founded in 1786 by ', ' in the ', ' Valley, making it the first Lutheran church west of the ', '. The congregation worshiped in a ', ', which initially served both Lutheran and ', "" denominations. Its congregation was originally German-speaking; the church's documents and religious services were in German until 1821, when records and sermons transitioned to English.\n"", ""The church's congregation built the present "", '-style ', '-story church building in 1849, when it was renamed Hebron on the Cacapon. The original log church was moved across the road and subsequently used as a ', ', ', ' classroom, and public schoolhouse (attended by future West Virginia governor ', ').\n', ""To celebrate the congregation's 175th anniversary in 1961, Hebron Church constructed a brick community and religious education building designed to be architecturally compatible with the 1849 brick church. As of October 2015, the church continues to be used by the ""]"
Gevninge helmet fragment,"['\n', '\n\n', 'The ', ' is the ', ' eyepiece of a helmet from the ', ' or end of the ', '. It was found in 2000 during the ', ' of a Viking farmstead in ', ', near ', ', Denmark. The fragment is moulded from bronze and ', ', and consists of a stylised eyebrow with eyelashes above an oval opening. There are three holes at the top and bottom of the fragment to affix the eyepiece to a helmet. The fragment is significant as rare evidence of contemporaneous helmets, and also for its discovery in Gevninge, an outpost that is possibly connected to the ', ' epic ', '. It has been in the collection of the ', ' since its discovery, and has been exhibited internationally as part of a travelling exhibition on ']"
Harris Theater (Chicago),"['\n', 'The ', ' (also known as the ', ', the ', ' or, most commonly, the ', ') is a 1,499-seat ', ' for the ', ' located along the northern edge of ', ' on ', ' in the ', ' ', ' of ', ' in ', ', ', ', US. The theater, which is largely underground due to ', '-related height restrictions, was named for its primary benefactors, Joan and ', '.', "" It serves as the park's indoor performing venue, a complement to "", "", which hosts the park's outdoor performances.\n"", 'Constructed in 2002–2003, it provides a venue for small and medium-sized music and dance groups,', "" which had previously been without a permanent home and were underserved by the city's performing venue options. Among the regularly featured local groups are ""]"
Ham House,"['\n\n\n', ' is a 17th-century house set in formal gardens on the bank of the ', ' in ', ', south of ', ' in the ', '. The original house was completed in 1610 by ', ', an Elizabethan courtier and ', ' to ', '. It was then leased, and later bought, by ', ', a close friend and supporter of ', '. The ', ' saw the house and much of the estate ', "", but Murray's wife "", ' regained them on payment of a fine. During ', ' his daughter ', "", Countess of Dysart on her father's death in 1655, successfully navigated the prevailing anti-royalist sentiment and retained control of the estate.\n"", ""The house achieved its greatest period of prominence following Elizabeth's second marriage—to "", ', Duke of Lauderdale, in 1672. The Lauderdales held important roles at the court of the restored ', ', the duke being a member of the ', ' and holder of major positions in Scotland, while the Duchess exercised significant social and political influence. They began an ambitious program of development and embellishment at Ham. The house was almost doubled in size and equipped with private apartments for the Duke and Duchess, as well as princely accommodation suites for visitors. The house was furnished to the highest standards of courtly taste and decorated with ""a lavishness which transcended even what was fitting to their exalted rank"".', ' The Lauderdales accumulated notable collections of paintings, tapestries and furniture, and redesigned the gardens and grounds to reflect their status and that of their guests.\n']"
Honan Chapel,"['\n\n\n', 'The ', ' (', ': ', ',', ' formally ', ' and ', ') is a small Catholic church built in the Hiberno-', ' style on the grounds of ', ', Ireland. Designed in 1914, the building was completed in 1916 and furnished by 1917. Its architecture and fittings are representative of the ', ' movement and evoke the ', ' style prevalent in Ireland and Britain between the 7th and 12th centuries.', '\n', ""Its construction was initiated and supervised by the Dublin solicitor John O'Connell, a leading member of the Celtic Revival and "", ' movements. He was funded by Isabella Honan (1861–1913), the last member of a wealthy ', "" family, who made a significant donation towards the construction of the chapel. O'Connell oversaw both the design and the commissioning of its building and furnishings. He guided the architect James F. McMullen and the builders "", ', and the craftsmen and artists involved in its artwork.\n', 'The Honan Chapel is known for its interior which is designed and fitted in a traditional Irish style, but with an appreciation of contemporary trends in international art.', ' Its furnishings include a mosaic flooring, altar plate, metalwork and enamels, liturgical textiles and sanctuary furnishings, and especially its nineteen ', ' windows. Of these, fifteen depict Irish saints, the remainder show ', ',  ']"
Fir Clump Stone Circle,"['\n', ' was a ', ' in ', ' near ', ', ', ', in ', '. The ring was part of a ', ' that spread throughout much of Britain, Ireland, and ', ' during the ', ' and Early ', ', over a period between 3300 and 900\xa0', '. The purpose of such monuments is unknown, although some ', ' speculate that the stones represented ', "" entities for the circle's builders.\n"", 'A double concentric circle consisting of ', ' ', ', Fir Clump Stone Circle was oval-shaped. The outer ring measured 107 metres (351\xa0ft) by 86.5 metres (284\xa0ft) in diameter; the inner ring was 86.5 metres (284\xa0ft) by 73.7 metres (242\xa0ft). It was one of at least seven stone circles that are known to have been erected in the area south of ', ' in northern Wiltshire. Around the 1860s, the megaliths in Fir Clump Stone Circle were levelled and in the 1890s the antiquarian A. D. Passmore observed that the circle was no longer visible. Some of the fallen megaliths were rediscovered in 1965 by the archaeologist Richard Reiss, who described and measured the monument. In 1969, these stones were removed during construction of the ']"
Freedom Monument,"['\n', 'The ', ' (', ': ', ', ', ') is located in ', ', ', ', honouring soldiers killed during the ', ' (1918–1920). It is considered an important symbol of the freedom, independence, and sovereignty of Latvia.', ' Unveiled in 1935, the 42-metre (138\xa0ft) high monument of ', ', ', ', and ', ' often serves as the focal point of public gatherings and official ceremonies in Riga.\n', 'The sculptures and ', ' of the monument, arranged in thirteen groups, depict Latvian culture and history. The core of the monument is composed of tetragonal shapes on top of each other, decreasing in size towards the top, completed by a 19-metre (62\xa0ft) high travertine column bearing the copper figure of ', ' lifting three gilded stars. The concept for the monument first emerged in the early 1920s when the Latvian Prime Minister, ', ', ordered rules to be drawn up for a contest for designs of a ""memorial column"". After several contests the monument was finally built at the beginning of the 1930s according to the scheme ""Mirdzi kā zvaigzne!"" (', ') submitted by Latvian sculptor ', '. Construction works were financed by private donations.\n', 'Following the ', ' Latvia was annexed by the ']"
Georgetown Car Barn,"['\n\n\n', 'The ', ', historically known as the ', ', is a building in the ', ' neighborhood of ', ', in the United States. Designed by the architect ', ', it was built between 1895 and 1897 by the ', ' as a ', ' for several Washington and ', ' ', ' lines. The adjacent ', ', later named after their appearance in ', ""'s 1973 horror film "", ', were built during the initial construction to connect ', ' with Prospect Street.\n', ""Intended for dual use as a passenger station and as a storage house for the streetcars, the Car Barn began Washington's only "", ' system. Almost immediately after the building opened, the system was electrified, and the Car Barn was converted to accommodate electric streetcars. Throughout its history as a terminal and storage facility, the Car Barn was never utilized to the extent anticipated by its construction.\n', 'The building has undergone several renovations, the most extensive in 1911, when the original ', ' façade was significantly modified, and the interior was almost completely gutted. Not long after its opening, the building fell into disrepair. Changing ownership over time, it maintained its original function of housing streetcars until 1950, when it was redeveloped as office space. Among its occupants was the ', ', an arm of the ', ', which operated out of the Car Barn in the 1960s and 1970s. Today, it is used as an academic building by ']"
Exelon Pavilions,"['\n', 'The ', ' are four buildings that generate electricity from ', ' and provide access to underground parking in ', ' in the ', ' ', ' of ', ' in ', ', ', ', United States.', ' The ', ' and ', ' (jointly the North Exelon Pavilions) are located on the northern edge of the park along ', ', and flank the ', '. The ', ' and ', ' (jointly the South Exelon Pavilions) are located on the southern edge of the park along Monroe Street, and flank the ', '. Together the pavilions generate 19,840 kilowatt-hours (71,400\xa0MJ) of electricity annually,', ' worth about $2,350 per year.', '\n', 'The four pavilions, which cost ']"
Emesa helmet,"['\n\n\n', 'The ', ' (also known as the ', ') is a ', ' helmet from the early first century AD. It consists of an ', ' head piece and face mask, the latter of which is covered in a sheet of ', ' and presents the individualised portrait of a face, likely its owner. Decorations, some of which are ', ', adorn the head piece. Confiscated by Syrian police soon after looters discovered it amidst a ', ' in the modern-day city of ', ' in 1936, eventually the helmet was ', ' thoroughly at the ', ', and is now in the collection of the ', '. It has been exhibited internationally, although as of 2017, due to the ', ', the more valuable items owned by the National Museum are hidden in underground storage.\n', 'Ornately designed yet highly functional, the helmet was probably intended for both parades and battle. Its delicate covering is too fragile to have been put to use during ', ', but the thick iron core would have defended against blows and arrows. Narrow slits for the eyes, with three small holes underneath to allow downward sight, sacrificed vision for protection; roughly cut notches below each eye suggest a hastily made modification of necessity.\n', 'The helmet was found in a tomb near a monument to a former ', ' and, considering the lavishness of the silver and gold design, likely belonged to a member of the elite. As it is modelled after those helmets used in Roman tournaments, even if unlikely to have ever been worn in one, it may have been given by a Roman official to a ', ' general or, more likely, manufactured in Syria after the Roman style. The ', ' ', ' ornamentation seen on the neck guard recalls that used on Syrian temples, suggesting that the helmet may have been made in the luxury workshops of ']"
Elgin Cathedral,"['\n\n', ' is a historic ruin in ', ', north-east ', '. The cathedral—dedicated to the ', '—was established in 1224 on land granted by King ', ' outside the ', ' of Elgin and close to the ', '. It replaced the cathedral at ', ', 3 kilometres (1.9\xa0mi) to the north, that was served by a small ', ' of eight clerics. The new and bigger cathedral was staffed with 18 ', ' in 1226 and then increased to 23 by 1242. After a damaging fire in 1270, a rebuilding programme greatly enlarged the building. It was unaffected by the ', ' but again suffered extensive fire damage in 1390 following an attack by ', ""'s brother "", ', also known as the Wolf of ', '. In 1402 the cathedral precinct again suffered an incendiary attack by the followers of the ', '. The number of clerics required to staff the cathedral continued to grow, as did the number of craftsmen needed to maintain the buildings and surroundings.\n', 'The cathedral went through periods of enlargement and renovation following the fires of 1270 and 1390 that included the doubling in length of the choir, the provision of outer aisles to the northern and southern walls of both the nave and choir. Today, these walls are at full height in some places and at foundation level in others yet the overall cruciform shape is still discernible. A mostly intact octagonal ', ' dates from the major enlargement after the fire of 1270. The gable wall above the double door entrance that links the west towers is nearly complete and was rebuilt following the fire of 1390. It accommodates a large window opening that now only contains stub tracery work and fragments of a large rose window. Recessed and chest tombs in both transepts and in the south aisle of the choir contain effigies of bishops and knights, and large flat slabs in the now grass-covered floor of the cathedral mark the positions of early graves. The homes of the dignitaries and canons, or ', ', stood in the chanonry and were destroyed by fire on three occasions: in 1270, 1390 and 1402. The two towers of the west front are mostly complete and were part of the first phase of construction. Only the ', ""'s manse is substantially intact while two others have been incorporated into private buildings. A protective wall of massive proportions surrounded the cathedral precinct, but only a small section has survived. The wall had four access gates, one of which—the Pans Port—still exists.\n"", 'The number of canons had increased to 25 by the time of the ']"
Cullen House,"['\n\n\n', ' is a large house, about 1 kilometre (0.6\xa0mi) south-west of the coastal town of ', ' in ', ', Scotland. It was the ', ' of the ', ' of Findlater, who went on to become the ', ', and it remained in their family until 1982. Building work started on the house in 1600, incorporating some of the stonework of an earlier building on the site. The house has been extended and remodelled several times by prominent architects such as ', ', ', ', and ', '. It has been described by the architectural historian ', ' as ""one of the grandest houses in Scotland"" and is designated a ', '. The grounds were enlarged in the 1820s when the entire village of Cullen, save for ', ', was demolished to make way for improvements to the grounds by ', '; a new village, closer to the coast, was constructed for the inhabitants. Within the grounds are a bridge, a ', ' and a ', ', each of which is individually listed as a Category A structure.\n', 'Twice in its history, the house has been captured and ransacked. It was taken by forces acting under the orders of the ', ' in 1645 during the ', '. It was attacked again by ', ' forces during the ', ', shortly before they were defeated at the ']"
Cragside,"['\n\n', ' is a ', ' ', ' near the town of ', ' in ', ', England. It was the home of ', ', founder of the ', ' armaments firm. An industrial ', ', scientist, philanthropist and inventor of the ', ' and the ', ', Armstrong also displayed his inventiveness in the domestic sphere, making Cragside the first house in the world to be lit using ', ' power. The estate was technologically advanced; the architect of the house, ', ', wrote that it was equipped with ""wonderful hydraulic machines that do all sorts of things"".', ' In the grounds, Armstrong built dams and lakes to power a sawmill, a water-powered laundry, early versions of a dishwasher and a ', ', a hydraulic ', ' and a hydroelectric ', '. In 1887, Armstrong was raised to the ', ', the first engineer or scientist to be ennobled, and became Baron Armstrong of Cragside. \n', 'The original building consisted of a small shooting lodge which Armstrong built between 1862 and 1864. In 1869, he employed the architect Richard Norman Shaw to enlarge the site, and in two phases of work between 1869 and 1882, they transformed the house into a northern ', '. The result was described by the architect and writer ', ' as ""one of the most dramatic compositions in all architecture"".']"
Coffin Stone,"['\n', 'The ', ', also known as the ', ' and the ', ', is a large ', ' stone at the foot of ', ' near ', ' in the ', ' county of ', '. Now lying horizontally, the stone probably once stood upright nearby. Various archaeologists have argued that the stone was part of a now-destroyed ', ' constructed in the ', ' ', ', during ', ' period.\n', 'If a chambered long barrow did indeed previously exist on the site, it would have been built by ', ' communities shortly after the ', ' to Britain from continental Europe. ', ' building was an architectural tradition widespread across ', '. It consisted of various localized regional variants; one of these was in the vicinity of the ', ', examples of which are now known as the ', '. The Coffin Stone lies on the eastern side of the river, not far from the chambered long barrows of ']"
Coldrum Long Barrow,"['\n\n\n', 'The ', ', also known as the ', ' and the ', ', is a ', ' located near the village of ', ' in the ', ' county of ', '. Probably constructed in the ', ', during ', ', today it survives only in a state of ']"
Construction of Rockefeller Center,"['\n\n\n', 'The construction of the ', ' complex in New York City was conceived as an ', ' project in the late 1920s, spearheaded by ', ' to help revitalize ', '. Rockefeller Center is on one of ', ""'s former campuses and is bounded by "", ' to the east, ', ' (Avenue of the Americas) to the west, 48th Street to the south, and 51st Street to the north. The center occupies 22 acres (8.9\xa0ha) in total, with some 17\xa0million square feet (1.6\xa0million square meters) of office space.\n', 'Columbia University had acquired the site in the early 19th century but had moved to ', ' in ', ' in the early 1900s. By the 1920s, Fifth Avenue in Midtown Manhattan was a prime site for development. Around that time, the ', ' (Met) was looking for a new site for their opera house, and architect ', ' decided on the former Columbia site.\n', ""Rockefeller eventually became involved in the project and leased the Columbia site in 1928 for 87 years. The lease excluded land along the east side of Sixth Avenue to the west of the Rockefeller property, as well as at the site's southeast corner. He hired Todd, Robertson, and Todd as design consultants and selected the architectural firms of "", ', Hood, Godley & Fouilhoux, and Reinhard & Hofmeister for the opera complex. However, the Met was unsure about moving there, and the ', ' put an end to the plans. Rockefeller instead entered into negotiations with the ', ' (RCA) to create a mass-media complex on the site. A new plan was released in January 1930, and an update to the plan was presented after Rockefeller obtained a lease for the land along Sixth Avenue. Revisions continued until March 1931, when the current site design was unveiled. A late change to the proposal included a complex of internationally themed structures along Fifth Avenue.\n', 'All structures in the original complex were designed in the ', ' architectural style. Excavation of the site started in April 1931, and construction began that September on the first buildings. The first edifice was opened in September 1932, and most of the complex was completed by 1935. The final three buildings were built between 1936 and 1940, although Rockefeller Center was officially completed by November 2, 1939. The construction project employed more than 40,000 people and was considered the largest private construction project at the time. It had cost the equivalent of $1.5 billion in 2020 dollars to construct. Since then, there have been several modifications to the complex. An additional building at ', ' was constructed in 1947, while another at ']"
Egyptian temple,"['\n', '\n', '\n', '\n', '\n', '\n', '\n', '\n', '\n', '\n', '\n', '\n', '\n', '\n', '\n', '\n', '\n', '\n', ' were built for the official worship of the ', ' and in commemoration of the ', ' in ']"
Clemuel Ricketts Mansion,"['The ', ' (also known as the ', ', the ', ', and ', ') is a ', ' house made of ', ', built in 1852 or 1855 on the shore of ', ' in ', ', ', ', ', ' in the United States. It was home to several generations of the Ricketts family, including ', ' and ', '. Originally built as a hunting lodge, it was also a tavern and post office, and served as part of a hotel for much of the 19th century.\n', ""After 1903 the house served as the Ricketts family's summer home; they kept it even as they sold over 65,000 acres (26,000\xa0ha) to the state of Pennsylvania from 1920 to 1950. The house was included in the "", ' (HABS) in 1936 and listed on the ', "" (NRHP) in 1983. A group of investors bought the lake, surrounding land, and house in 1957 and developed them privately for housing and recreation. The house became the Ganoga Lake Association's clubhouse, and is not open to the public.\n"", 'The original mansion is an L-shaped structure, two-and-a-half stories high, with stone walls 2 feet (0.6\xa0m) thick. It was built in a clearing surrounded by ', ' with a view to the lake 900 feet (270\xa0m) to the east. In 1913 a ', '-story wing was added to the north side of the house and the original structure was renovated. The house has seven rooms, four porches, and its original hardware and woodwork. ', ' and some windows were added in the renovation, and electrical wiring and modern plumbing have been added since. According to the NRHP nomination form, the Clemuel Ricketts Mansion ""is a stunning example of Georgian vernacular architecture"".', '\n']"
Chestnuts Long Barrow,"['\n', ', also known as ', ' or ', ', is a ', ' near the village of ', ' in the ', ' county of ', '. Probably constructed in the ', ', during ', ', today it survives only in a ']"
"Ceilings of the Natural History Museum, London","['\n', '\n', 'A pair of decorated ', ' in the main Central Hall (officially Hintze Hall since 2014) and smaller North Hall of the ', ' in ', "", London, were unveiled at the building's opening in 1881. They were designed by the museum's architect "", ' and painted by the artist ', '. The ceiling of the Central Hall consists of 162 panels, 108 of which depict plants considered significant to the history of the museum, to the ', "" or the museum's visitors and the remainder are highly stylised decorative botanical paintings. The ceiling of the smaller North Hall consists of 36 panels, 18 of which depict plants growing in the "", '. Painted directly onto the plaster of the ceilings, they also make use of ', ' for visual effect.\n', 'The natural history collections had originally shared a building with their parent institution the ', "", but with the expansion of the British Empire there was a significant increase in both public and commercial interest in natural history, and in the number of specimens added to the museum's natural history collections. In 1860 it was agreed that a separate museum of natural history would be created in a large building, capable of displaying the largest specimens, such as whales. The superintendent of the natural history departments, "", ', envisaged that visitors would enter a large central hall containing what he termed an ""index collection"" of representative exhibits, from which other galleries would radiate, and a smaller hall to the north would display the natural history of the British Isles. Waterhouse\'s ', ' design for the museum included decorative painted ceilings. ', ', the ', "", refused to permit the decoration of the ceilings on grounds of cost, but Waterhouse convinced him that provided the painting took place while the scaffolding from the museum's construction was still in place it would incur no extra cost; he further managed to convince Ayrton that the ceiling would be more appealing if elements of the paintings were gilded.\n"", 'The ceiling of the Central Hall consists of six rows of painted panels, three on each side of the roof\'s apex. Above the landing at the southern end of the building, the ceiling is divided into nine-panel blocks. The uppermost three panels in each block consist of what Waterhouse termed ""archaic"" panels, depicting stylised plants on a green background. Each of the lower six panels in each block depicts a plant considered of particular significance to the British Empire, against a pale background. Above the remainder of the Central Hall the archaic panels remain in the same style, but each set of six lower panels depicts a single plant, spreading across the six panels and against the same pale background; these represent plants considered of particular significance either to visitors, or to the history of the museum. The ceiling of the smaller North Hall comprises just four rows of panels. The two uppermost rows are of a simple design of heraldic symbols of the then constituent countries of the United Kingdom; each panel in the lower two rows depicts a different plant found in Britain or Ireland, in keeping with the room\'s intended purpose as a display of British natural history.\n', 'As the ceilings were built cheaply, they are extremely fragile and require regular repair. They underwent significant conservation work in 1924, 1975 and 2016. The restoration in 2016 coincided with the removal of ""', '"", a cast of a ', ' skeleton which had previously stood in the Central Hall, and the installation of the skeleton of a ']"
Cefnllys Castle,"['\n\n', ' (', ': ', ', ', ') was a ', ' ', ' in ', ' (now part of ', '), ', '. Two successive masonry castles were built on a ridge above the ', ' known as ', ' (', ': ', ', ', ""'castle rock') in the thirteenth century, replacing a wooden "", ' constructed by the ', ' nearby. Controlling several communication routes into the highlands of ', ', the castles were strategically important within the ', ' during the ', '. As the seat of the fiercely contested ', ' and ']"
Chetro Ketl,"['\n\n', ' is an ', ' ', ' and archeological site located in ', ', New Mexico, United States. Construction on Chetro Ketl began ', "" and was largely complete by 1075, with significant remodeling occurring in the early and mid-1110s. Following the onset of a severe drought, most Chacoans emigrated from the canyon by 1140; by 1250 Chetro Ketl's last inhabitants had vacated the structure.\n"", 'The great house was rediscovered in 1823 by the ', ', ', ', and in 1849 Lieutenant James Simpson of the ', ' documented the major ruins in Chaco Canyon. ', ', the director of the first archeological field school in the canyon, conducted excavations of Chetro Ketl during 1920 and 1921, and again between 1929 and 1935.\n', 'Chaco scholars estimate that it required more than 500,000\xa0', ', 26,000 trees, and 50 million ', ' blocks to erect Chetro Ketl. The great house is a D-shaped structure; its east wall is 280 feet (85 m) long, and the north wall is more than 450 feet (140 m); the perimeter is 1,540 feet (470\xa0m), and the diameter of the great ', ' is 62.5 feet (19.1\xa0m). Chetro Ketl contained approximately 400 rooms and was the largest great house by area in Chaco Canyon, covering nearly 3 acres (1.2\xa0ha). Chetro Ketl lies 0.4 miles (0.64\xa0km) from ', ', in an area that archeologists call downtown Chaco; they theorize that the area may be an ancestral sacred zone. Chetro Ketl contains architectural elements, such as a ', ' and tower kiva, that appear to reflect a ', ' influence.\n', 'Chetro Ketl\'s purpose is widely debated but many archeologists believe the building was a place of large-scale ceremony that held an important position within the larger Chacoan system. It may have been occupied primarily by groups of priests and, during times of ritual, pilgrims from outlying communities. Archeologist Stephen H. Lekson believes Chetro Ketl was a palace inhabited by Chacoan royalty, and the scale of its construction was motivated by what architects call ""massing"": building imposing structures with the intent to impress onlookers. The building has deteriorated significantly since its rediscovery in the early 19th century, and its usefulness as a source of information about Chacoan culture is slowly diminishing.\n', ""Long ago in the north, below from the Place of Emergence, everybody came out. Now when those who are everyone's chiefs came out they all went out. They went down south\xa0... They went along coming from the north, and they began to make towns."", '\n']"
Chartwell,"['\n\n\n', ' is a ', ' near ', ', ', ', in South East England. For over forty years it was the home of ', '. He bought the property in September 1922 and lived there until shortly before his death in January 1965. In the 1930s, when Churchill was out of political office, Chartwell became the centre of his world. At his dining table, he gathered those who could assist his campaign against ', "" and the British government's response of "", '; in his study, he composed speeches and wrote books; in his garden, he built walls, constructed lakes and painted. During the ', ', Chartwell was largely unused, the Churchills returning after he lost the ', '. In 1953, when again ', "", the house became Churchill's refuge when he suffered a debilitating "", '. In October 1964, he left for the last time, dying at his London home, ', ', on 24 January 1965.\n', 'The origins of the estate reach back to the 14th century; in 1382, the property then called Well-street was owned by William-at-Well. It passed through various owners and in 1836 was auctioned, as a substantial brick-built manor. In 1848, it was purchased by ', "", whose grandson sold it to Churchill. The Campbell Colquhouns greatly enlarged the house and the advertisement for its sale at the time of Churchill's purchase described it as an imposing mansion. Between 1922 and 1924, it was rebuilt and extended by the "", ' architect ', '. From the garden front, the house has extensive views over the ', ', ""the most beautiful and charming"" Churchill had ever seen, and the determining factor in his decision to buy the house.\n', 'In 1946, when financial constraints forced Churchill to consider selling Chartwell, it was acquired by the ', "" with funds raised by a consortium of Churchill's friends led by "", "", on condition that the Churchills retained a life-tenancy. After Churchill's death, ""]"
Catherine de' Medici's building projects,"[' included the ', ' chapel at ', ', the ', ', and the ', ' in Paris, and extensions to the ', ', near ', '. Born in 1519 in Florence to an Italian father and a French mother, ', ' was a daughter of both the ', ' and the ', '. She grew up in Florence and Rome under the wing of the ', ' popes, ', ' and ', '. In 1533, at the age of fourteen, she left Italy and married ', ', the second son of ', ' and ', ' of France. On doing so, she entered the greatest Renaissance court in northern Europe.', ' \n', 'King Francis set his daughter-in-law an example of kingship and artistic patronage that she never forgot.', ' She witnessed his huge architectural schemes at ', ' and ', '. She saw Italian and French craftsmen at work together, forging the style that became known as the first ']"
Castell Coch,"['\n\n\n', ' (', '; ', "" for 'Red Castle') is a 19th-century "", ' castle built above the village of ', ' in ', '. The first castle on the site was built by the Normans after 1081 to protect the newly conquered town of ', ' and control the route along the ', "". Abandoned shortly afterwards, the castle's earth "", ' was reused by ', ' as the basis for a new stone fortification, which he built between 1267 and 1277 to control his freshly annexed Welsh lands. This castle may have been destroyed in the ', ' rebellion of 1314. In 1760, the castle ruins were acquired by ', ', as part of a marriage settlement that brought the family vast estates in South Wales.\n', "", inherited the castle in 1848. One of Britain's wealthiest men, with interests in "", ' and ', ' studies, he employed the architect ', ' to rebuild the castle, ""as a country residence for occasional occupation in the summer"", using the medieval remains as a basis for the design. Burges rebuilt the outside of the castle between 1875 and 1879, before turning to the interior; he died in 1881 and the work was finished by Burges\'s remaining team in 1891. Bute reintroduced commercial ', ' into Britain, planting a vineyard just below the castle, and wine production continued until the ', '. He made little use of his new retreat, and in 1950 his grandson, the ', ', placed it into the care of the state. It is now controlled by the Welsh heritage agency ']"
Capon Chapel,"['\n\n', ' (', ' ', '), also historically known as ', ' and ', ', is a mid-19th century ', ' church located near to the town of ', ', in the ', '. Capon Chapel is one of the oldest existing log churches in ', ', along with ', ' and ']"
"Buildings of Nuffield College, Oxford","['\n', '\n', 'The ', ', one of the ', ' of the ', ', are to the west of the city centre of ', ', England, and stand on the site of the basin of the ', '. ', ' was founded in 1937 after a donation to the University by the car manufacturer ', '; he gave land for the college, as well as £900,000 (approximately £246\xa0million in present-day terms) to build and endow it. The architect ', ', who had worked in Greece and Palestine, was appointed by the University to design the buildings. His initial design, heavily influenced by Mediterranean architecture, was rejected by Nuffield, who called it ""un-English""', ' and refused to allow his name to be associated with it. Harrison reworked the plans, aiming for ""something on the lines of ', '"",', ' as Nuffield wanted.\n', ""Construction of the second design began in 1949 and was finished in 1960. Progress was hampered by post-war building restrictions, and the effects of inflation on Nuffield's donation led to various cost-saving changes to the plans. In one change, the tower, which had been planned to be ornamental, was redesigned to hold the college's library. It was the first tower built in Oxford for 200 years and is about 150 feet (46\xa0m) tall, including the "", ' on top. The buildings are arranged around two ', ', with residential accommodation for students and ', ' in one, and the hall, library and administrative offices in the other. The chapel has ', ' windows designed by ']"
Cathedral of the Immaculate Conception (Moscow),"['\n\n', 'The ', ' is a ', ' ', ' at ', ""'s center, that serves as the cathedral of the "", '. Located in the ', ', it is one of three ', ' churches in ', ' and the largest in Russia.', '\n', 'The construction of the cathedral was approved in 1894 by the ', ' under ', '. ', ' was in 1899; construction work began in 1901 and was completed ten years later. Three-aisled and built from red brick, the cathedral is based on a design by architect ', '. The style was influenced by ', ' and ', '. With the help of funds from Catholic ', ' in Russia and its neighbouring states, the church was consecrated as a ', "" for Moscow's Polish parish in 1911. In the aftermath of the "", ' in 1917, the ']"
Castle,"['\n\n', 'A ', ' is a type of ', ' structure built during the ', ' predominantly by the ', ' or royalty and by ', '. Scholars debate the scope of the word ', ', but usually consider it to be the private ', ' of a lord or noble. This is distinct from a ', ', which is not fortified;\nfrom a fortress, which was not always a residence for royalty or nobility; from a ', ' which was a walled-in residence for nobility, but not adequately fortified;', '\nand from a fortified settlement, which was a public defence – though there are many similarities among these types of construction. Use of the term has varied over time and has been applied to structures as diverse as ', ' and country houses. Over the approximately 900\xa0years that castles were built, they took on a great many forms with many different features, although some, such as ', ', ', ', and portcullises, were commonplace.\n', 'European-style castles originated in the 9th\xa0and 10th\xa0centuries, after the fall of the ', ' resulted in its territory being divided among individual lords and princes. These nobles built castles to control the area immediately surrounding them and the castles were both offensive and defensive structures; they provided a base from which raids could be launched as well as offered protection from enemies. Although their military origins are often emphasised in castle studies, the structures also served as centres of administration and symbols of power. Urban castles were used to control the local populace and important travel routes, and rural castles were often situated near features that were integral to life in the community, such as mills, fertile land, or a water source.\n', 'Many northern European castles were originally built from earth and timber, but had their defences replaced later by ', '. Early castles often exploited natural defences, lacking features such as towers and arrowslits and relying on a central ', '. In the late 12th\xa0and early 13th\xa0centuries, a scientific approach to castle defence emerged. This led to the proliferation of towers, with an emphasis on ', "". Many new castles were polygonal or relied on concentric defence\xa0– several stages of defence within each other that could all function at the same time to maximise the castle's firepower. These changes in defence have been attributed to a mixture of castle technology from the ""]"
Buckton Castle,"['\n\n', ' was a ', ' ', ' near ', ' in ', ', ', ', England. It was surrounded by a 2.8-metre-wide (9\xa0ft) stone ', ' and a ditch 10 metres (33\xa0ft) wide by 6 metres (20\xa0ft) deep. Buckton is one of the earliest stone castles in North West England and only survives as buried remains overgrown with heather and peat. It was most likely built and demolished in the 12th century. The earliest surviving record of the site dates from 1360, by which time it was lying derelict. The few finds retrieved during archaeological investigations indicate that Buckton Castle may not have been completed.\n', 'In the 16th century, the site may have been used as a beacon for the ', "". During the 18th century, the castle was of interest to treasure hunters following rumours that gold and silver had been discovered at Buckton. The site was used as an anti-aircraft decoy site during the Second World War. Between 1996 and 2010, Buckton Castle was investigated by archaeologists as part of the Tameside Archaeology Survey, first by the University of Manchester Archaeological Unit then the University of Salford's Centre for Applied Archaeology. The project involved "", ', and more than 60 volunteers took part. The castle, close to the Buckton Vale Quarry, is a ']"
Bramshill House,"['\n\n', ', in ', ', northeast Hampshire, England, is one of the largest and most important ', ' ', ' mansions in England. It was built in the early 17th century by the ', ' of ', ' but was partly destroyed by fire a few years later. The design shows the influence of the ', ', which became popular in England during the late 16th century. The house was designated a Grade I ', ' in 1952.\n', ""The mansion's southern façade is notable for its decorative architecture, which includes at its centre a large "", ' above the principal entrance. Interior features include a great hall displaying 92 coats of arms on a Jacobean screen, an ornate drawing room, and a 126.5-foot-long (38.6\xa0m) gallery. Numerous columns and ', ' are found throughout the mansion, while several rooms have large ', ' depicting historical figures and events on their panelled walls. The house is set in 262 acres (106\xa0ha) of grounds containing an 18-acre (7.3\xa0ha) lake. The grounds, which received a Grade\xa0II* listing in 1984, are part of a ', ' that includes about 25 acres (10\xa0ha) of early 17th-century formal gardens near the house. The wider medieval park was landscaped from the 17th to the 20th century and contains woodland.\n', 'Bramshill appears to have been a local sporting and social venue since the 16th century. The ', ' ground at the house played host to a ', ' match in 1823 when an early ', ' team played an ', ', and it hosted three other matches in 1825–26. During the Second World War, the mansion was used as a Red Cross ', ', before becoming the residence of the exiled King ', ' and ']"
Buildings and architecture of Bristol,"['\n\n', ', the largest city in ', ', has an ', ' combination of ', ', ranging from the ', ' to 20th century ', ' and beyond. During the mid-19th century, ', ', an architectural style unique to the city, was developed, and several examples have survived.\n', 'Buildings from most of the ', ' of the United Kingdom can be seen throughout Bristol. Parts of the fortified city and castle date back to the ', ', as do some churches dating from the 12th century onwards. Outside the historical city centre there are several large ', ' mansions built for wealthy merchants. ', ' and ', ' of the same period survive, intermingled with areas of more recent development. Several ', '-era squares were laid out for the enjoyment of the middle class. As the city grew, it ', ' with its surrounding villages, each with its own character and centre, often clustered around a ']"
Bruce Castle,"['\n\n', ' (formerly the ', ') is a ', ' 16th-century', ' ', ' in ', ', ', ', London. It is named after the ', ' who formerly owned the land on which it is built. Believed to stand on the site of an earlier building, about which little is known, the current house is one of the oldest surviving English brick houses. It was remodelled in the 17th, 18th and 19th centuries.\n', 'The house has been home to ', ', the ', ' and ', ', among others. After serving as a school during the 19th century, when a large extension was built to the west, it was converted into a museum exploring the history of the areas now constituting ', ' and, on the strength of its connection with Sir Rowland Hill, the history of the ', "". The building also houses the archives of the London Borough of Haringey. Since 1892 the grounds have been a public park, Tottenham's oldest.\n"", 'The name ', ' is derived from the ', ', who had historically owned a third of the ', ' of Tottenham. However, there was no castle in the area, and it is unlikely that the family lived nearby.', ' Upon his accession to ', ' in 1306, ']"
Brougham Castle,"['\n\n', ' (pronounced ', ') is a ', ' about 2 miles (3.2\xa0km) south-east of ', ', England. The ', ' was founded by ', ' in the early 13th century. The site, near the confluence of the rivers, ', ' and ', ', had been chosen by the ', ' for a ', ' called ', '. The castle, along with the fort, is a ', ': ""Brougham Roman fort and Brougham Castle"".', '\n', 'In its earliest form, the castle consisted of a stone ', ', with an ', ' and a wooden ', '. When the castle was built, Robert de Vieuxpont was one of the only ', ' in the region who were loyal to ', '. The Vieuxponts were a powerful land-owning family in ', ', who also owned the castles of ']"
"Buildings of Jesus College, Oxford","['\n', '\n', 'The main ', ', one of the ', ' of the ', ', are located in the centre of the city of ', ', England, between ', ', ', ', ', ', and ', '. ', ' was founded in 1571 by ', ' caused by the petition of a ', ' clergyman, ', ', who was treasurer of ', "". Her foundation charter gave to the college the land and buildings of White Hall, a university hall that had experienced a decline in student numbers. Price added new buildings to those of White Hall, and construction work continued after his death in 1574. The first of the college's "", "", which includes the hall, chapel, and principal's lodgings was completed between 1621 and 1630.  Construction of the second quadrangle began in the 1630s, but was interrupted by the "", ' and was not completed until about 1712. Further buildings were erected in a third quadrangle during the 20th century, including science laboratories (now closed), a library for undergraduates, and additional accommodation for students and ', '. In addition to the main site, the college owns flats in east and north Oxford, and a sports ground.\n', 'The chapel, which was dedicated in 1621 and extended in 1636, was extensively altered in 1864 under the supervision of the architect ', '. The alterations have had their supporters and their critics; one historian of the college (']"
Buckingham Palace,"['\n\n\n', '\n', ' (', ')', ' is a ', ' royal ', ' and the administrative headquarters of the ', '.', ' Located in the ', ', the palace is often at the centre of state occasions and royal hospitality. It has been a focal point for the ', ' at times of national rejoicing and mourning.\n', 'Originally known as ', "", the building at the core of today's palace was a large "", ' built for the ', ' in 1703 on a site that had been in private ownership for at least 150 years. It was acquired by ', ' in 1761 as a private residence for ', "" and became known as The Queen's House. During the 19th century it was enlarged, principally by architects "", ' and ', ', who constructed three wings around a central courtyard. Buckingham Palace became the London residence of the British monarch on the accession of ', ' in 1837.\n', 'The last major structural additions were made in the late 19th and early 20th centuries, including the East Front, which contains the well-known balcony on which the ']"
Bramall Hall,"['\n', ' is a largely ', ' ', ' in ', ', within the ', ', Greater Manchester, England. It is a ', ' building; the oldest parts of which date from the 14th century, with later additions from the 16th and 19th centuries.  The house, which functions as a museum, and its 70 acres (28\xa0ha) of landscaped parkland with lakes, woodland and gardens (', ') are open to the public.\n', 'Dating back to ', ', the manor of Bramall was first described in the ', "" in 1086, when it was held by the Masseys. From the late 14th century, it was owned by the Davenports who built the present house; they remained lords of the manor for about 500\xa0years. In 1877, they sold the estate of nearly 2,000 acres to the Manchester Freeholders' Company, a property company formed expressly for the purpose of exploiting the estate's potential for residential building development. The Hall and a residual park of over 50 acres was sold on by the Freeholders (though not the lordship of the manor) to the Nevill family of successful industrialists. In 1925, it was purchased by "", ' and then, in 1935, acquired by the local government authority for the area, Hazel Grove and Bramhall Urban District Council. Following a local government reorganisation in 1974, Bramall Hall is now owned by ', ' (SMBC), which describes it as ""the most prestigious and historically significant building in the Conservation Area"".', '\n', 'The name ""Bramall"" means ""nook of land where broom grows"" and is derived from the ', ' noun ', ' meaning ', ', a type of shrub common in the area, and the Old English noun ', ', which has several meanings—including nook, secret place and valley—that could refer to Bramall.', ' The manor of Bramall dates from the ', ', when it was held as two separate estates owned by the ']"
Bodiam Castle,"['\n\n', ' (', ') is a 14th-century ', ' ', ' near ', ' in East Sussex, England. It was built in 1385 by Sir ', ', a former knight of ', ', with the permission of ', ', ostensibly to defend the area against French invasion during the ', '. Of ', ', Bodiam Castle has no ', ', having its various chambers built around the outer defensive walls and inner courts. Its corners and entrance are marked by towers, and topped by ', "". Its structure, details and situation in an artificial watery landscape indicate that display was an important aspect of the castle's design as well as defence. It was the home of the "", ' family and the centre of the ', ' of ']"
Blakeney Chapel,"['\n', '\n\n', ' is a ruined building on the coast of ', ', ', '. Despite its name, it was probably not a ', ', nor is it in the adjoining village of ', ', but rather in the ', ' of ', '. The building stood on a raised mound or ""eye"" on the seaward end of the coastal marshes, less than 200\xa0m (220\xa0yd) from the sea and just to the north of the current channel of the ', ' where it turns to run parallel to the shoreline. It consisted of two rectangular rooms of unequal size, and appears to be intact in a 1586 map, but is shown as ruins in later charts. Only the foundations and part of a wall still remain. Three ', ' investigations between 1998 and 2005 provided more detail of the construction, and showed two distinct periods of active use. Although it is described as a chapel on several maps, there is no documentary or archaeological evidence to suggest that it had any religious function. A small ', ', probably used for ', ' iron, is the only evidence of a specific activity on the site.\n', 'Much of the structural material was long ago carried off for reuse in buildings in Cley and Blakeney. The surviving ruins are protected as a ', ' and ', "" because of their historical importance, but there is no active management. The ever-present threat from the encroaching sea is likely to increase following a realignment of the Glaven's course through the marshes, and lead to the loss of the ruins.\n"", 'The Blakeney Chapel ruins consist of an east–west rectangular structure (S1) 18\xa0m ×\xa07\xa0m (59\xa0ft ×\xa023\xa0ft) in size with a smaller rectangular building (S2), 13\xa0m ×\xa05\xa0m (43\xa0ft ×\xa016\xa0ft) built onto the southern side of the main room. Most of the structure is buried; only a 6\xa0m (20\xa0ft) length of a ', ' and mortar wall was exposed to a height of 0.3\xa0m (1\xa0ft) prior to the excavation of 2004–05. The ruins stand on the highest point of Blakeney Eye at about 2\xa0m (7\xa0ft) above sea level.', ' The Eye is a sandy mound in the ', ' that is located inside the sea wall at the point where the ', ' turns westward towards the sheltered inlet of ']"
Benty Grange helmet,"['\n\n\n', 'The ', ' is an ', ' ', ' from the 7th century AD. It was excavated by ', ' in 1848 from a ', ' at the ', ' farm in ', ' in western ', "". The grave had probably been looted by the time of Bateman's excavation, but still contained other high-status objects suggestive of a richly furnished burial, such as the "", '. The helmet is displayed at ', ""'s "", "", which purchased it from Bateman's estate in 1893.\n"", 'The helmet was constructed by covering the outside of an iron framework with plates of horn and the inside with cloth or leather; the organic material has since decayed. It would have provided some protection against weapons, but was also ornate and may have been intended for ceremonial use. It was the first Anglo-Saxon helmet to be discovered, with five others found since: ', ', ', ', ', ', ', ' and ', '. The helmet features a unique combination of structural and technical attributes, but contemporaneous parallels exist for its individual characteristics. It is classified as one of the ""crested helmets"" used in Northern Europe from the 6th to 11th centuries AD.\n', 'The most striking feature of the helmet is the boar at its apex; this pagan symbol faces towards a ', ' on the ']"
Borobudur,"['\n', ', also transcribed ', ' (', ': ', ', ', ': ', ', ', ') is a 9th-century ', ' ', ' in ', ', not far from the town of ', ', in ', ', ', "". It is the world's largest "", '.', ' The temple consists of nine stacked platforms, six square and three circular, topped by a central dome. It is decorated with 2,672 ', ' panels and originally 504 ', '. The central dome is surrounded by 72 Buddha statues, each seated inside a perforated ', '.', '\n', 'Built in the 9th century during the reign of the ']"
Biblioteca Marciana,"['\n', 'The ', ' or  ', ' (', ': ', ', but in historical documents commonly referred to as ', ') is a ', ' in ', ', Italy. It is one of the earliest surviving public libraries and repositories for ', "" in Italy and holds one of the world's most significant collections of "", '. It is named after ', ', the ', ' of the city.\n', 'The library was founded in 1468 when the ', ' Cardinal ', ', ', ' and titular ', ', donated his collection of Greek and Latin manuscripts to the ', "", with the stipulation that a library of public utility be established. The collection was the result of Bessarion's persistent efforts to locate rare manuscripts throughout Greece and Italy and then acquire or copy them as a means of preserving the "", ' and the ', ' after the ']"
Acra (fortress),"['The ', ' (also spelled ', ', from ', ': ', ', ', ': ', ' ', '), with the meaning of ""stronghold"" (see under ', '), was a place in ', ' thought to have had a fortified ', ' built by ', ', ruler of the ', ', following his sack of the city in 168\xa0', '. The name Acra was also used at a later time for a city quarter probably associated with the by-then destroyed fortress, known in his time to ', ' (1st century CE) as both Acra and ""the lower city"". The fortress played a significant role in the events surrounding the ', ', which resulted in the formation of the ', '. The ""upper city"" was captured by ', ', with the Seleucid garrison taking refuge in the ""Acra"" below,', ' and the task of destroying this last enemy stronghold inside Jerusalem fell to ', ' surnamed Thassi.', ' Our knowledge about the Acra is based almost exclusively on the writings of Josephus, which are of a later date, and on the ']"
Belton House,"['\n', ' is a ', ' listed ', ' in the parish of ', ' near ', ' in ', ', ', ', built between 1685 and 1688 by ', '. It is surrounded by formal gardens and a series of avenues leading to ', ' within a larger wooded ', '. Belton has been described as a compilation of all that is finest of ', ' architecture, the only truly ', ' style of architecture that England had produced since the ', '.', ' It is considered to be a complete example of a typical English country house.', '\n', 'For about three centuries until 1984, Belton House was the seat successively of the ', ', which had first acquired land in the area in the late 16th century, and of its heirs the ', ' (in 1815 created ', '). Despite his great wealth Sir John Brownlow, 3rd Baronet, chose to build a comparatively modest house rather than one of the grand ', ' palaces being built by others at the time. The contemporary, if provincial, Carolean style was the selected choice of design. The new house was fitted with the latest ']"
Angkor Wat,"['\n', '\n', ' (', ': ', ', ', ' ', '; meaning ""Temple City"") is a temple complex in ', ' and is the largest religious monument in the world,', ' on a site measuring 162.6 hectares (1,626,000\xa0m', '; 402 acres).', ' Breaking from Shaiva tradition of previous kings, Angkor Wat was dedicated to Vishnu for the ']"
